,constructorId,positionOrder,circuitId,sumpits
435,5,18,1,0.0
612,9,3,1,1.0
425,5,15,1,3.0
1161,210,18,1,1.0
449,6,1,1,1.0
627,9,4,1,1.0
212,3,17,1,6.0
780,15,13,1,3.0
167,3,14,1,3.0
682,9,11,1,1.0
469,6,3,1,1.0
86,1,12,1,1.0
1226,211,9,1,1.0
288,4,7,1,2.0
976,131,2,1,2.0
1067,210,6,1,1.0
485,6,4,1,1.0
61,1,9,1,1.0
656,9,6,1,1.0
317,4,10,1,1.0
1131,210,16,1,1.0
192,3,16,1,3.0
500,6,5,1,1.0
795,15,19,1,0.0
1248,211,13,1,1.0
418,5,14,1,1.0
805,51,8,1,1.0
357,4,19,1,1.0
948,131,1,1,1.0
11,1,5,1,1.0
389,5,10,1,1.0
1042,131,8,1,1.0
741,10,12,1,1.0
132,1,20,1,0.0
738,10,11,1,1.0
259,3,20,1,0.0
1144,210,17,1,1.0
866,51,15,1,1.0
671,9,8,3,3.0
325,4,11,3,3.0
1234,211,10,3,3.0
1263,211,19,3,1.0
128,1,19,3,6.0
179,3,15,3,6.0
1261,211,18,3,6.0
977,131,2,3,4.0
382,5,9,3,3.0
748,10,16,3,3.0
937,117,15,3,1.0
1132,210,16,3,3.0
734,10,10,3,3.0
470,6,3,3,3.0
154,3,12,3,6.0
407,5,12,3,3.0
353,4,18,3,1.0
711,9,20,3,0.0
432,5,17,3,3.0
707,9,19,3,1.0
308,4,9,3,6.0
350,4,17,3,3.0
1331,213,17,3,6.0
450,6,1,3,1.0
763,15,9,3,1.0
778,15,12,3,3.0
853,51,14,3,6.0
1255,211,14,3,3.0
168,3,14,3,12.0
916,117,10,3,3.0
949,131,1,3,12.0
1145,210,17,3,16.0
1045,131,9,3,10.0
69,1,10,3,3.0
831,51,12,3,3.0
1375,214,13,3,3.0
1120,210,15,3,3.0
802,51,7,3,3.0
613,9,3,3,6.0
266,4,2,3,1.0
1288,213,7,3,3.0
26,1,6,3,3.0
552,6,12,3,6.0
1188,210,20,3,1.0
867,51,15,3,6.0
555,6,13,3,6.0
541,6,10,3,6.0
1309,213,11,3,9.0
569,6,18,3,1.0
842,51,13,3,3.0
232,3,18,3,4.0
12,1,5,3,6.0
1385,214,19,3,3.0
597,9,2,3,13.0
1199,211,1,3,3.0
6,1,4,3,12.0
577,6,20,3,0.0
1299,213,9,3,3.0
1043,131,8,3,13.0
1201,211,3,3,1.0
37,1,7,3,6.0
374,5,4,3,3.0
514,6,6,3,3.0
644,9,5,3,6.0
1065,210,5,3,3.0
273,4,5,3,3.0
882,51,16,3,6.0
48,1,8,3,3.0
1281,213,6,3,3.0
289,4,7,3,6.0
1103,210,13,3,9.0
193,3,16,3,9.0
998,131,3,3,7.0
822,51,11,3,6.0
501,6,5,3,6.0
279,4,6,3,3.0
628,9,4,3,3.0
532,6,8,3,3.0
657,9,6,3,3.0
749,10,16,4,1.0
920,117,11,4,3.0
233,3,18,4,6.0
148,3,11,4,1.0
290,4,7,4,1.0
1300,213,9,4,3.0
365,4,20,4,0.0
194,3,16,4,6.0
338,4,13,4,2.0
1305,213,10,4,3.0
781,15,13,4,1.0
883,51,16,4,6.0
868,51,15,4,3.0
331,4,12,4,3.0
169,3,14,4,9.0
832,51,12,4,1.0
1264,211,19,4,1.0
768,15,10,4,1.0
1314,213,12,4,3.0
213,3,17,4,6.0
1121,210,15,4,1.0
326,4,11,4,1.0
1337,213,20,4,0.0
398,5,11,4,3.0
70,1,10,4,3.0
1071,210,7,4,3.0
486,6,4,4,9.0
978,131,2,4,4.0
658,9,6,4,3.0
1361,214,9,4,1.0
502,6,5,4,3.0
645,9,5,4,4.0
1068,210,6,4,1.0
999,131,3,4,9.0
672,9,8,4,3.0
49,1,8,4,7.0
525,6,7,4,4.0
1208,211,5,4,1.0
614,9,3,4,4.0
1203,211,4,4,3.0
27,1,6,4,6.0
1383,214,17,4,3.0
565,6,17,4,0.0
598,9,2,4,6.0
578,6,20,4,1.0
1179,210,19,4,6.0
1162,210,18,4,3.0
854,51,14,4,6.0
438,5,19,4,0.0
730,10,9,4,3.0
109,1,15,4,1.0
950,131,1,4,13.0
1085,210,10,4,3.0
1257,211,15,4,3.0
930,117,13,4,3.0
133,1,20,4,1.0
408,5,12,4,3.0
383,5,9,4,3.0
1382,214,16,5,1.0
1200,211,2,5,1.0
914,117,9,5,1.0
13,1,5,5,3.0
245,3,19,5,3.0
1282,213,6,5,1.0
1180,210,19,5,1.0
823,51,11,5,1.0
1370,214,10,5,0.0
1146,210,17,5,3.0
533,6,8,5,1.0
214,3,17,5,1.0
38,1,7,5,1.0
941,117,18,5,3.0
615,9,3,5,1.0
1227,211,9,5,3.0
599,9,2,5,1.0
1024,131,5,5,1.0
1050,131,14,5,3.0
833,51,12,5,1.0
869,51,15,5,6.0
1189,210,20,5,1.0
94,1,13,5,1.0
50,1,8,5,3.0
180,3,15,5,1.0
669,9,7,5,3.0
487,6,4,5,4.0
327,4,11,5,3.0
471,6,3,5,3.0
659,9,6,5,6.0
1323,213,14,5,1.0
951,131,1,5,2.0
1319,213,13,5,3.0
318,4,10,5,3.0
902,51,20,5,1.0
1315,213,12,5,1.0
195,3,16,5,3.0
1163,210,18,5,3.0
457,6,2,6,3.0
1164,210,18,6,1.0
677,9,9,6,1.0
380,5,8,6,1.0
339,4,13,6,1.0
579,6,20,6,3.0
774,15,11,6,1.0
1114,210,14,6,1.0
742,10,12,6,1.0
1147,210,17,6,1.0
439,5,19,6,1.0
815,51,10,6,1.0
790,15,18,6,1.0
488,6,4,6,1.0
309,4,9,6,1.0
629,9,4,6,2.0
1122,210,15,6,3.0
1283,213,6,6,1.0
824,51,11,6,1.0
377,5,7,6,2.0
297,4,8,6,1.0
646,9,5,6,3.0
1242,211,12,6,1.0
718,10,6,6,1.0
319,4,10,6,1.0
1258,211,16,6,1.0
583,9,1,6,2.0
196,3,16,6,6.0
1362,214,9,6,1.0
77,1,11,6,1.0
910,117,8,6,1.0
1000,131,3,6,4.0
87,1,12,6,1.0
215,3,17,6,6.0
889,51,17,6,1.0
1059,131,19,6,0.0
102,1,14,6,3.0
181,3,15,6,2.0
952,131,1,6,1.0
1376,214,13,6,1.0
899,51,19,6,1.0
28,1,6,6,1.0
1104,210,13,6,1.0
1025,131,5,6,1.0
1086,210,10,6,1.0
234,3,18,6,1.0
2,1,3,6,1.0
1038,131,7,6,3.0
905,117,5,6,1.0
1330,213,16,6,1.0
134,1,20,6,1.0
170,3,14,6,1.0
953,131,1,7,1.0
745,10,14,7,3.0
78,1,11,7,1.0
197,3,16,7,1.0
121,1,18,7,1.0
673,9,8,7,1.0
731,10,9,7,1.0
298,4,8,7,1.0
472,6,3,7,1.0
1148,210,17,7,1.0
135,1,20,7,0.0
458,6,2,7,1.0
451,6,1,7,1.0
399,5,11,7,1.0
1243,211,12,7,1.0
115,1,16,7,3.0
440,5,19,7,1.0
1096,210,12,7,1.0
390,5,10,7,1.0
979,131,2,7,1.0
784,15,15,7,1.0
291,4,7,7,2.0
1105,210,13,7,1.0
1115,210,14,7,1.0
235,3,18,7,3.0
1026,131,5,7,1.0
843,51,13,7,1.0
260,3,20,7,0.0
870,51,15,7,3.0
1015,131,4,7,3.0
630,9,4,7,1.0
216,3,17,7,1.0
515,6,6,7,1.0
616,9,3,7,1.0
769,15,10,7,1.0
647,9,5,7,1.0
280,4,6,7,1.0
1228,211,9,7,1.0
542,6,10,9,1.0
29,1,6,9,1.0
648,9,5,9,9.0
553,6,12,9,3.0
942,117,19,9,3.0
1190,210,20,9,4.0
735,10,10,9,3.0
563,6,16,9,3.0
1080,210,9,9,1.0
600,9,2,9,3.0
1047,131,11,9,3.0
14,1,5,9,4.0
384,5,9,9,3.0
7,1,4,9,3.0
980,131,2,9,7.0
489,6,4,9,1.0
1259,211,17,9,6.0
911,117,8,9,3.0
1333,213,18,9,0.0
155,3,12,9,5.0
1016,131,4,9,1.0
409,5,12,9,1.0
473,6,3,9,7.0
1149,210,17,9,3.0
51,1,8,9,3.0
674,9,8,9,3.0
1165,210,18,9,3.0
459,6,2,9,3.0
516,6,6,9,3.0
95,1,13,9,6.0
452,6,1,9,3.0
1363,214,9,9,3.0
631,9,4,9,1.0
688,9,15,9,3.0
1001,131,3,9,6.0
445,5,20,9,0.0
692,9,16,9,10.0
1181,210,19,9,1.0
1353,214,7,9,3.0
954,131,1,9,5.0
1215,211,7,9,6.0
1229,211,9,9,1.0
79,1,11,9,6.0
712,9,20,9,0.0
414,5,13,9,3.0
1249,211,13,9,3.0
62,1,9,9,3.0
1210,211,6,9,3.0
236,3,18,9,6.0
722,10,7,9,1.0
299,4,8,9,1.0
806,51,8,9,1.0
292,4,7,9,3.0
584,9,1,9,3.0
281,4,6,9,2.0
1310,213,11,9,9.0
890,51,17,9,6.0
1133,210,16,9,5.0
269,4,4,9,1.0
796,15,19,9,1.0
871,51,15,9,4.0
342,4,14,9,6.0
1306,213,10,9,6.0
351,4,17,9,3.0
791,15,18,9,1.0
895,51,18,9,0.0
855,51,14,9,1.0
246,3,19,9,6.0
1289,213,7,9,1.0
171,3,14,9,5.0
1267,211,20,9,0.0
320,4,10,9,1.0
844,51,13,9,3.0
182,3,15,9,2.0
419,5,14,10,3.0
785,15,15,10,6.0
96,1,13,10,3.0
686,9,14,10,10.0
723,10,7,10,1.0
460,6,2,10,15.0
713,9,20,10,0.0
955,131,1,10,1.0
981,131,2,10,3.0
1072,210,7,10,15.0
585,9,1,10,15.0
1046,131,9,10,18.0
247,3,19,10,3.0
570,6,18,10,1.0
15,1,5,10,6.0
566,6,17,10,6.0
845,51,13,10,10.0
1052,131,15,10,10.0
1204,211,4,10,15.0
834,51,12,10,10.0
217,3,17,10,3.0
632,9,4,10,6.0
274,4,5,10,6.0
1069,210,6,10,6.0
116,1,16,10,6.0
474,6,3,10,3.0
727,10,8,10,1.0
1075,210,8,10,21.0
764,15,9,10,1.0
1268,211,20,10,0.0
373,5,3,10,10.0
375,5,6,10,10.0
349,4,16,10,6.0
1090,210,11,10,6.0
149,3,11,10,15.0
122,1,18,10,3.0
358,4,19,10,1.0
332,4,12,10,6.0
145,3,10,10,15.0
391,5,10,10,3.0
343,4,14,11,4.0
1087,210,10,11,2.0
1316,213,12,11,3.0
746,10,14,11,1.0
475,6,3,11,10.0
300,4,8,11,3.0
678,9,9,11,15.0
872,51,15,11,3.0
1205,211,4,11,6.0
461,6,2,11,1.0
548,6,11,11,3.0
140,3,7,11,6.0
803,51,7,11,1.0
1116,210,14,11,3.0
1073,210,7,11,1.0
80,1,11,11,6.0
1260,211,17,11,3.0
744,10,13,11,1.0
1284,213,6,11,6.0
517,6,6,11,3.0
649,9,5,11,3.0
1002,131,3,11,6.0
63,1,9,11,4.0
376,5,6,11,1.0
633,9,4,11,1.0
1106,210,13,11,1.0
816,51,10,11,10.0
1044,131,8,11,3.0
982,131,2,11,3.0
1134,210,16,11,1.0
660,9,6,11,1.0
1055,131,16,11,0.0
218,3,17,11,1.0
490,6,4,11,1.0
1216,211,7,11,3.0
198,3,16,11,2.0
141,3,8,11,6.0
1239,211,11,11,1.0
52,1,8,11,1.0
1338,213,20,11,1.0
110,1,15,11,1.0
1347,214,4,11,6.0
426,5,15,11,1.0
333,4,12,11,4.0
248,3,19,11,16.0
708,9,19,11,0.0
1345,214,1,11,6.0
1097,210,12,11,6.0
601,9,2,11,6.0
786,15,15,11,1.0
696,9,17,11,0.0
571,6,18,11,0.0
123,1,18,11,1.0
943,117,19,11,0.0
1191,210,20,11,1.0
16,1,5,11,1.0
237,3,18,11,6.0
400,5,11,11,1.0
896,51,18,11,1.0
846,51,13,11,15.0
891,51,17,11,6.0
1278,213,5,11,10.0
945,117,20,11,6.0
798,15,20,11,0.0
97,1,13,11,3.0
956,131,1,11,10.0
392,5,10,11,1.0
310,4,9,11,1.0
1027,131,5,11,1.0
1135,210,16,13,0.0
770,15,10,13,3.0
586,9,1,13,0.0
344,4,14,13,1.0
8,1,4,13,0.0
156,3,12,13,3.0
1285,213,6,13,0.0
270,4,4,13,1.0
1003,131,3,13,11.0
249,3,19,13,0.0
219,3,17,13,1.0
556,6,13,13,1.0
1017,131,4,13,6.0
366,4,20,13,0.0
543,6,10,13,0.0
1374,214,11,13,0.0
835,51,12,13,1.0
143,3,9,13,0.0
560,6,14,13,3.0
1211,211,6,13,1.0
1048,131,12,13,0.0
847,51,13,13,0.0
617,9,3,13,4.0
534,6,8,13,0.0
1296,213,8,13,1.0
39,1,7,13,1.0
567,6,17,13,3.0
897,51,18,13,1.0
139,3,2,13,0.0
1311,213,11,13,1.0
385,5,9,13,4.0
1076,210,8,13,3.0
957,131,1,13,1.0
161,3,13,13,3.0
275,4,5,13,1.0
1354,214,7,13,0.0
453,6,1,13,4.0
129,1,19,13,1.0
693,9,16,13,0.0
792,15,18,13,0.0
1074,210,7,13,3.0
183,3,15,13,1.0
1325,213,15,13,0.0
709,9,19,13,0.0
1098,210,12,13,1.0
714,9,20,13,0.0
1150,210,17,13,3.0
717,10,5,13,3.0
420,5,14,13,3.0
111,1,15,13,6.0
719,10,6,13,3.0
328,4,11,13,3.0
103,1,14,13,0.0
301,4,8,13,3.0
906,117,5,13,0.0
884,51,16,13,6.0
946,117,20,13,0.0
136,1,20,13,0.0
1107,210,13,13,1.0
661,9,6,13,1.0
491,6,4,13,3.0
650,9,5,13,1.0
1123,210,15,13,1.0
983,131,2,13,5.0
1230,211,9,13,1.0
378,5,7,13,1.0
1235,211,10,13,4.0
81,1,11,13,1.0
199,3,16,13,3.0
787,15,15,14,3.0
1192,210,20,14,1.0
720,10,6,14,1.0
873,51,15,14,3.0
651,9,5,14,2.0
1039,131,7,14,6.0
848,51,13,14,6.0
1136,210,16,14,10.0
724,10,7,14,1.0
908,117,7,14,1.0
984,131,2,14,1.0
809,51,9,14,1.0
703,9,18,14,1.0
1004,131,3,14,5.0
697,9,17,14,4.0
1057,131,17,14,1.0
1028,131,5,14,3.0
689,9,15,14,3.0
775,15,11,14,1.0
1182,210,19,14,1.0
1099,210,12,14,3.0
856,51,14,14,1.0
662,9,6,14,1.0
958,131,1,14,1.0
1166,210,18,14,3.0
675,9,8,14,3.0
925,117,12,14,3.0
1124,210,15,14,1.0
885,51,16,14,6.0
0,1,1,14,1.0
1272,213,1,14,3.0
137,1,20,14,1.0
441,5,19,14,1.0
1244,211,12,14,3.0
1334,213,19,14,0.0
88,1,12,14,1.0
1356,214,8,14,1.0
454,6,1,14,1.0
462,6,2,14,1.0
1217,211,7,14,1.0
340,4,13,14,3.0
144,3,9,14,2.0
150,3,11,14,4.0
71,1,10,14,1.0
1301,213,9,14,3.0
1236,211,10,14,3.0
518,6,6,14,1.0
492,6,4,14,4.0
1371,214,10,14,1.0
146,3,10,14,1.0
557,6,13,14,6.0
1202,211,3,14,1.0
220,3,17,14,3.0
9,1,4,14,3.0
302,4,8,14,4.0
580,6,20,14,0.0
172,3,14,14,4.0
276,4,5,14,1.0
124,1,18,14,0.0
401,5,11,14,1.0
1,1,2,14,4.0
421,5,14,14,1.0
271,4,4,14,1.0
282,4,6,14,3.0
1339,213,20,14,0.0
572,6,18,14,1.0
476,6,3,15,1.0
200,3,16,15,3.0
427,5,15,15,3.0
663,9,6,15,2.0
381,5,8,15,1.0
750,10,16,15,6.0
503,6,5,15,1.0
1167,210,18,15,6.0
250,3,19,15,3.0
463,6,2,15,1.0
959,131,1,15,1.0
345,4,14,15,1.0
757,10,20,15,0.0
455,6,1,15,1.0
1250,211,13,15,6.0
415,5,13,15,1.0
1125,210,15,15,1.0
89,1,12,15,3.0
817,51,10,15,3.0
1265,211,19,15,1.0
261,3,20,15,1.0
433,5,17,15,3.0
1151,210,17,15,3.0
765,15,9,15,1.0
776,15,11,15,1.0
1091,210,11,15,3.0
898,51,18,15,1.0
602,9,2,15,1.0
1029,131,5,15,1.0
173,3,14,15,1.0
321,4,10,15,1.0
40,1,7,15,2.0
311,4,9,15,3.0
1018,131,4,15,2.0
303,4,8,15,1.0
618,9,3,15,1.0
174,3,14,17,1.0
312,4,9,17,3.0
41,1,7,17,1.0
221,3,17,17,1.0
1019,131,4,17,1.0
446,5,20,17,3.0
1108,210,13,17,3.0
442,5,19,17,6.0
535,6,8,17,1.0
1088,210,10,17,1.0
436,5,18,17,3.0
184,3,15,17,3.0
1245,211,12,17,3.0
104,1,14,17,3.0
1152,210,17,17,3.0
960,131,1,17,3.0
797,15,19,17,1.0
1223,211,8,17,1.0
98,1,13,17,1.0
810,51,9,17,1.0
283,4,6,17,3.0
789,15,16,17,1.0
664,9,6,17,6.0
743,10,12,17,3.0
367,4,20,17,1.0
652,9,5,17,3.0
201,3,16,17,3.0
587,9,1,17,3.0
739,10,11,17,3.0
634,9,4,17,3.0
504,6,5,17,3.0
477,6,3,17,4.0
125,1,18,17,6.0
293,4,7,17,1.0
1092,210,11,17,3.0
874,51,15,17,3.0
985,131,2,17,4.0
393,5,10,17,1.0
130,1,19,18,6.0
736,10,10,18,1.0
416,5,13,18,1.0
603,9,2,18,11.0
1109,210,13,18,3.0
105,1,14,18,1.0
402,5,11,18,1.0
568,6,17,18,3.0
284,4,6,18,3.0
573,6,18,18,3.0
747,10,15,18,3.0
588,9,1,18,6.0
372,5,2,18,3.0
120,1,17,18,3.0
3,1,3,18,1.0
1326,213,15,18,15.0
947,117,20,18,6.0
1040,131,7,18,6.0
394,5,10,18,3.0
759,15,7,18,1.0
202,3,16,18,21.0
1077,210,8,18,1.0
1030,131,5,18,3.0
857,51,14,18,10.0
478,6,3,18,1.0
1081,210,9,18,1.0
635,9,4,18,16.0
1168,210,18,18,15.0
238,3,18,18,3.0
72,1,10,18,15.0
519,6,6,18,13.0
334,4,12,18,3.0
1364,214,9,18,6.0
1231,211,9,18,3.0
53,1,8,18,3.0
921,117,11,18,10.0
505,6,5,18,10.0
1005,131,3,18,10.0
1093,210,11,18,3.0
1357,214,8,18,6.0
687,9,14,18,3.0
1266,211,19,18,3.0
799,15,20,18,1.0
348,4,15,18,6.0
800,51,4,18,3.0
1062,131,20,18,3.0
961,131,1,18,11.0
162,3,13,18,10.0
1290,213,7,18,10.0
836,51,12,18,10.0
801,51,5,18,3.0
359,4,19,18,0.0
1153,210,17,18,6.0
157,3,12,18,6.0
1327,213,15,20,3.0
175,3,14,20,3.0
818,51,10,20,3.0
354,4,18,20,0.0
1082,210,9,20,1.0
698,9,17,20,1.0
549,6,11,20,3.0
526,6,7,20,3.0
1206,211,4,20,3.0
1060,131,19,20,1.0
837,51,12,20,3.0
1224,211,8,20,3.0
962,131,1,20,3.0
262,3,20,20,1.0
1110,210,13,20,3.0
17,1,5,20,3.0
1286,213,6,20,3.0
267,4,3,20,3.0
117,1,16,20,1.0
604,9,2,20,3.0
1058,131,18,21,1.0
54,1,8,21,3.0
151,3,11,21,1.0
203,3,16,21,1.0
912,117,8,21,6.0
938,117,15,21,15.0
1372,214,10,21,6.0
858,51,14,21,10.0
1212,211,6,21,3.0
30,1,6,21,3.0
554,6,12,21,3.0
4,1,3,21,3.0
589,9,1,21,3.0
42,1,7,21,3.0
506,6,5,21,4.0
849,51,13,21,6.0
1340,213,20,21,0.0
1251,211,13,21,6.0
963,131,1,21,3.0
1154,210,17,21,10.0
699,9,17,21,1.0
811,51,9,21,1.0
263,3,20,21,0.0
1274,213,4,21,3.0
690,9,15,21,3.0
683,9,11,21,3.0
1117,210,14,21,3.0
1291,213,7,21,10.0
1317,213,12,21,6.0
986,131,2,21,6.0
819,51,10,21,1.0
251,3,19,21,1.0
268,4,3,21,1.0
493,6,4,21,3.0
1169,210,18,21,1.0
1365,214,9,21,15.0
1137,210,16,21,10.0
360,4,19,21,1.0
859,51,14,22,3.0
1126,210,15,22,3.0
838,51,12,22,3.0
204,3,16,22,4.0
1111,210,13,22,1.0
1225,211,8,22,3.0
106,1,14,22,1.0
222,3,17,22,6.0
1232,211,9,22,1.0
987,131,2,22,1.0
636,9,4,22,4.0
520,6,6,22,7.0
82,1,11,22,3.0
464,6,2,22,3.0
619,9,3,22,1.0
964,131,1,22,4.0
704,9,18,22,0.0
417,5,13,22,1.0
725,10,7,22,1.0
1006,131,3,22,3.0
112,1,15,22,1.0
403,5,11,22,1.0
507,6,5,22,1.0
395,5,10,22,1.0
793,15,18,22,3.0
322,4,10,22,1.0
1193,210,20,22,1.0
779,15,12,22,1.0
732,10,9,22,1.0
18,1,5,22,1.0
361,4,19,22,2.0
368,4,20,22,1.0
379,5,7,22,1.0
1078,210,8,22,1.0
19,1,5,24,1.0
1020,131,4,24,1.0
43,1,7,24,3.0
1036,131,6,24,1.0
1031,131,5,24,3.0
1007,131,3,24,0.0
205,3,16,24,1.0
31,1,6,24,1.0
1312,213,11,24,1.0
163,3,13,24,1.0
83,1,11,24,1.0
1366,214,9,24,1.0
922,117,11,24,1.0
1089,210,10,24,1.0
931,117,13,24,3.0
1083,210,9,24,1.0
892,51,17,24,1.0
107,1,14,24,1.0
55,1,8,24,1.0
965,131,1,24,2.0
185,3,15,24,2.0
900,51,19,24,1.0
886,51,16,24,4.0
73,1,10,24,3.0
1358,214,8,24,1.0
988,131,2,24,2.0
90,1,12,24,3.0
223,3,17,24,4.0
294,4,7,24,1.0
479,6,3,24,4.0
1127,210,15,24,1.0
1279,213,5,24,3.0
430,5,16,24,1.0
637,9,4,24,2.0
544,6,10,24,3.0
410,5,12,24,1.0
794,15,18,24,0.0
313,4,9,24,1.0
620,9,3,24,1.0
728,10,8,24,1.0
1275,213,4,24,3.0
329,4,11,24,3.0
1183,210,19,24,6.0
335,4,12,24,1.0
1269,211,20,24,3.0
1237,211,10,24,1.0
1218,211,7,24,1.0
386,5,9,24,1.0
369,4,20,24,0.0
760,15,7,24,1.0
751,10,17,24,1.0
1170,210,18,24,3.0
285,4,6,24,1.0
508,6,5,24,3.0
437,5,18,24,0.0
665,9,6,24,1.0
575,6,19,24,0.0
691,9,15,24,6.0
561,6,14,24,1.0
465,6,2,24,1.0
252,3,19,24,1.0
605,9,2,24,1.0
1297,213,8,24,1.0
850,51,13,24,1.0
558,6,13,24,1.0
839,51,12,24,1.0
590,9,1,24,7.0
1118,210,14,24,4.0
239,3,18,24,0.0
989,131,2,32,1.0
740,10,11,32,3.0
494,6,4,32,3.0
1341,213,20,32,0.0
466,6,2,32,4.0
74,1,10,32,1.0
480,6,3,32,1.0
752,10,18,32,1.0
666,9,6,32,1.0
387,5,9,32,3.0
404,5,11,32,3.0
1367,214,9,32,1.0
966,131,1,32,1.0
1171,210,18,32,3.0
56,1,8,32,1.0
99,1,13,32,3.0
422,5,14,32,3.0
224,3,17,32,3.0
91,1,12,32,3.0
509,6,5,32,1.0
700,9,17,32,1.0
653,9,5,32,3.0
1246,211,12,32,1.0
1155,210,17,32,1.0
396,5,10,32,3.0
1008,131,3,32,1.0
1053,131,15,32,10.0
935,117,14,32,3.0
591,9,1,32,4.0
860,51,14,32,1.0
206,3,16,32,2.0
240,3,18,32,3.0
1032,131,5,32,6.0
825,51,11,32,1.0
286,4,6,32,1.0
1128,210,15,32,2.0
901,51,19,32,3.0
362,4,19,32,1.0
164,3,13,32,1.0
1377,214,13,32,1.0
304,4,8,32,1.0
158,3,12,32,3.0
909,117,7,32,1.0
807,51,8,32,1.0
1021,131,4,32,3.0
766,15,9,32,1.0
621,9,3,32,1.0
1276,213,4,32,1.0
521,6,6,32,1.0
323,4,10,32,1.0
1138,210,16,32,3.0
761,15,7,32,1.0
1219,211,7,32,1.0
138,1,20,32,0.0
1184,210,19,32,0.0
510,6,5,34,6.0
481,6,3,34,2.0
592,9,1,34,3.0
1041,131,7,34,3.0
1359,214,8,34,1.0
1194,210,20,34,2.0
990,131,2,34,4.0
606,9,2,34,1.0
64,1,9,34,1.0
1022,131,4,34,1.0
1185,210,19,34,1.0
20,1,5,34,1.0
638,9,4,34,2.0
1379,214,14,34,1.0
32,1,6,34,2.0
622,9,3,34,1.0
550,6,11,34,1.0
564,6,16,34,3.0
225,3,17,34,1.0
92,1,12,34,1.0
330,4,11,34,1.0
915,117,9,34,1.0
314,4,9,34,1.0
771,15,10,34,1.0
305,4,8,34,2.0
241,3,18,34,2.0
1094,210,11,34,1.0
754,10,19,34,0.0
753,10,18,34,0.0
118,1,16,34,3.0
875,51,15,34,1.0
159,3,12,34,1.0
804,51,7,34,1.0
782,15,13,34,1.0
893,51,17,34,1.0
917,117,10,34,1.0
186,3,15,34,1.0
253,3,19,34,3.0
1070,210,6,34,1.0
680,9,10,34,1.0
1292,213,7,34,1.0
447,5,20,34,0.0
1252,211,13,34,1.0
887,51,16,34,3.0
967,131,1,34,2.0
1156,210,17,34,1.0
1247,211,12,34,1.0
428,5,15,34,1.0
423,5,14,34,2.0
1320,213,13,34,1.0
1277,213,4,39,1.0
876,51,15,39,1.0
1195,210,20,39,1.0
593,9,1,39,3.0
676,9,8,39,3.0
75,1,10,39,1.0
84,1,11,39,1.0
991,131,2,39,6.0
226,3,17,39,3.0
1350,214,6,39,1.0
511,6,5,39,1.0
861,51,14,39,3.0
207,3,16,39,1.0
1368,214,9,39,1.0
1172,210,18,39,3.0
1009,131,3,39,3.0
527,6,7,39,1.0
932,117,13,39,3.0
926,117,12,39,1.0
1335,213,19,39,1.0
1386,214,19,69,3.0
1302,213,9,69,3.0
1238,211,10,69,1.0
1129,210,15,69,1.0
1139,210,16,69,3.0
1173,210,18,69,3.0
1342,213,20,69,1.0
1253,211,13,69,3.0
1157,210,17,69,7.0
1384,214,18,69,6.0
1196,210,20,69,1.0
694,9,16,69,0.0
772,15,10,69,1.0
126,1,18,69,0.0
851,51,13,69,3.0
968,131,1,69,3.0
227,3,17,69,3.0
315,4,9,69,3.0
57,1,8,69,4.0
295,4,7,69,1.0
287,4,6,69,2.0
862,51,14,69,3.0
581,6,20,69,0.0
927,117,12,69,3.0
594,9,1,69,3.0
176,3,14,69,9.0
918,117,10,69,3.0
607,9,2,69,1.0
85,1,11,69,3.0
623,9,3,69,6.0
654,9,5,69,6.0
254,3,19,69,1.0
528,6,7,69,3.0
44,1,7,69,3.0
1037,131,6,69,3.0
411,5,12,69,6.0
187,3,15,69,3.0
992,131,2,69,4.0
456,6,1,69,1.0
1010,131,3,69,3.0
165,3,13,69,3.0
21,1,5,69,3.0
755,10,19,69,1.0
431,5,16,69,3.0
495,6,4,69,7.0
729,10,8,69,1.0
1033,131,5,69,1.0
788,15,15,69,1.0
388,5,9,69,1.0
826,51,11,69,6.0
670,9,7,70,1.0
667,9,6,70,1.0
228,3,17,70,4.0
767,15,9,70,1.0
177,3,14,70,3.0
208,3,16,70,2.0
188,3,15,70,1.0
1140,210,16,70,3.0
1387,214,20,70,0.0
1307,213,10,70,2.0
1318,213,12,70,9.0
1158,210,17,70,0.0
726,10,7,70,1.0
1303,213,9,70,3.0
705,9,18,70,3.0
721,10,6,70,1.0
685,9,13,70,6.0
1174,210,18,70,2.0
715,9,20,70,0.0
639,9,4,70,4.0
405,5,11,70,1.0
370,4,20,70,0.0
429,5,15,70,1.0
434,5,17,70,1.0
363,4,19,70,0.0
1240,211,11,70,1.0
467,6,2,70,8.0
1262,211,18,70,0.0
482,6,3,70,1.0
355,4,18,70,0.0
496,6,4,70,3.0
512,6,5,70,1.0
341,4,13,70,1.0
242,3,18,70,1.0
522,6,6,70,1.0
529,6,7,70,3.0
336,4,12,70,4.0
536,6,8,70,1.0
1213,211,6,70,4.0
306,4,8,70,4.0
545,6,10,70,6.0
576,6,19,70,1.0
582,6,20,70,0.0
264,3,20,70,1.0
255,3,19,70,3.0
1293,213,7,70,3.0
1186,210,19,70,9.0
624,9,3,70,3.0
1220,211,7,70,1.0
595,9,1,70,6.0
1256,211,14,70,1.0
1061,131,19,70,0.0
45,1,7,70,1.0
1380,214,14,70,1.0
1112,210,13,70,1.0
863,51,14,70,7.0
33,1,6,70,1.0
1064,210,4,70,1.0
940,117,17,70,3.0
877,51,15,70,2.0
933,117,13,70,3.0
1066,210,5,70,1.0
1343,213,20,70,0.0
100,1,13,70,1.0
993,131,2,70,8.0
113,1,15,70,3.0
969,131,1,70,4.0
1100,210,12,70,1.0
1373,214,10,70,1.0
58,1,8,70,2.0
1011,131,3,70,2.0
1369,214,9,70,1.0
65,1,9,70,3.0
1034,131,5,70,1.0
166,3,13,70,3.0
5,1,3,70,7.0
812,51,9,70,7.0
1328,213,15,70,3.0
820,51,10,70,1.0
913,117,8,70,1.0
928,117,12,70,1.0
773,15,10,70,1.0
1023,131,4,70,4.0
152,3,11,70,7.0
22,1,5,70,8.0
1056,131,16,70,3.0
827,51,11,70,2.0
1079,210,8,71,1.0
1084,210,9,71,1.0
296,4,7,71,1.0
277,4,5,71,1.0
324,4,10,71,3.0
59,1,8,71,1.0
970,131,1,71,6.0
1207,211,4,71,1.0
783,15,13,71,3.0
352,4,17,71,1.0
1221,211,7,71,1.0
10,1,4,71,3.0
412,5,12,71,3.0
364,4,19,71,1.0
424,5,14,71,1.0
443,5,19,71,0.0
448,5,20,71,1.0
1241,211,11,71,1.0
46,1,7,71,3.0
1012,131,3,71,1.0
483,6,3,71,7.0
34,1,6,71,1.0
497,6,4,71,1.0
994,131,2,71,2.0
523,6,6,71,1.0
337,4,12,71,1.0
1270,211,20,71,0.0
1381,214,14,71,3.0
559,6,13,71,1.0
929,117,12,71,3.0
574,6,18,71,1.0
562,6,15,71,3.0
668,9,6,71,1.0
679,9,9,71,3.0
681,9,10,71,3.0
114,1,15,71,3.0
864,51,14,71,1.0
1159,210,17,71,3.0
119,1,16,71,1.0
852,51,13,71,3.0
655,9,5,71,2.0
209,3,16,71,4.0
147,3,10,71,3.0
189,3,15,71,1.0
828,51,11,71,1.0
733,10,9,71,1.0
737,10,10,71,1.0
1332,213,17,71,6.0
808,51,8,71,3.0
1321,213,13,71,3.0
762,15,7,71,1.0
131,1,19,71,0.0
229,3,17,71,1.0
878,51,15,71,3.0
108,1,14,71,1.0
1197,210,20,71,1.0
923,117,11,71,3.0
608,9,2,71,4.0
256,3,19,71,1.0
1095,210,11,71,1.0
1304,213,9,71,3.0
888,51,16,71,3.0
1298,213,8,71,1.0
1035,131,5,71,3.0
1101,210,12,71,1.0
1175,210,18,71,3.0
640,9,4,71,1.0
243,3,18,71,7.0
1351,214,6,71,3.0
371,4,20,73,1.0
265,3,20,73,0.0
278,4,5,73,3.0
60,1,8,73,3.0
346,4,14,73,3.0
230,3,17,73,10.0
66,1,9,73,16.0
23,1,5,73,6.0
190,3,15,73,3.0
142,3,8,73,3.0
47,1,7,73,4.0
210,3,16,73,9.0
1273,213,3,73,6.0
1352,214,6,73,10.0
356,4,18,73,0.0
1294,213,7,73,6.0
1388,214,20,73,0.0
1119,210,14,73,21.0
758,15,6,73,3.0
641,9,4,73,1.0
1113,210,13,73,21.0
756,10,19,73,0.0
995,131,2,73,1.0
716,10,3,73,3.0
596,9,1,73,6.0
706,9,18,73,1.0
971,131,1,73,4.0
701,9,17,73,1.0
944,117,19,73,0.0
829,51,11,73,10.0
695,9,16,73,1.0
904,117,2,73,6.0
1176,210,18,73,1.0
777,15,11,73,10.0
1130,210,15,73,3.0
397,5,10,73,6.0
1049,131,12,73,6.0
498,6,4,73,9.0
468,6,2,73,3.0
1054,131,15,73,3.0
444,5,19,73,1.0
513,6,5,73,3.0
1233,211,9,73,1.0
821,51,10,73,7.0
413,5,12,73,3.0
840,51,12,73,1.0
1051,131,14,73,1.0
406,5,11,73,1.0
1214,211,6,73,1.0
537,6,8,73,6.0
484,6,3,73,1.0
1160,210,17,75,7.0
1308,213,10,75,6.0
684,9,12,75,3.0
1329,213,15,75,6.0
903,51,20,75,0.0
101,1,13,75,3.0
1336,213,19,75,3.0
879,51,15,75,1.0
1141,210,16,75,1.0
830,51,11,75,1.0
841,51,12,75,6.0
211,3,16,75,6.0
1355,214,7,75,6.0
178,3,14,75,1.0
67,1,9,75,6.0
499,6,4,75,1.0
524,6,6,75,6.0
1222,211,7,75,3.0
1271,211,20,75,3.0
316,4,9,75,1.0
307,4,8,75,1.0
1013,131,3,75,10.0
1280,213,5,75,1.0
996,131,2,75,1.0
546,6,10,75,1.0
24,1,5,75,6.0
642,9,4,75,6.0
551,6,11,75,6.0
972,131,1,75,11.0
609,9,2,75,10.0
1187,210,19,75,10.0
936,117,14,75,6.0
244,3,18,75,7.0
934,117,13,75,6.0
1360,214,8,75,6.0
35,1,6,75,1.0
625,9,3,75,1.0
1344,213,20,76,0.0
36,1,6,76,15.0
973,131,1,76,15.0
1102,210,12,76,15.0
997,131,2,76,15.0
894,51,17,76,0.0
127,1,18,76,0.0
1254,211,13,76,6.0
272,4,4,76,15.0
626,9,3,76,15.0
1295,213,7,76,15.0
191,3,15,76,0.0
710,9,19,76,0.0
547,6,10,76,21.0
1209,211,5,76,15.0
153,3,11,76,15.0
538,6,8,76,15.0
813,51,9,76,21.0
347,4,14,76,1.0
1142,210,16,76,0.0
539,6,8,77,3.0
1378,214,13,77,10.0
25,1,5,77,3.0
924,117,11,77,6.0
1198,210,20,77,0.0
1014,131,3,77,6.0
1287,213,6,77,3.0
974,131,1,77,6.0
257,3,19,77,3.0
610,9,2,77,3.0
939,117,16,77,3.0
160,3,12,77,6.0
530,6,7,77,6.0
1348,214,4,77,3.0
1177,210,18,77,1.0
814,51,9,77,3.0
76,1,10,77,6.0
1324,213,14,77,6.0
702,9,17,77,3.0
880,51,15,77,6.0
531,6,7,78,1.0
1322,213,13,78,3.0
865,51,14,78,3.0
1143,210,16,78,1.0
540,6,8,78,1.0
1346,214,3,78,1.0
881,51,15,78,3.0
1178,210,18,78,1.0
907,117,6,78,1.0
1349,214,5,78,1.0
975,131,1,78,1.0
1313,213,11,78,3.0
258,3,19,78,1.0
93,1,12,78,1.0
643,9,4,78,3.0
611,9,2,78,6.0
231,3,17,78,3.0
68,1,9,78,3.0
1063,131,20,78,1.0
919,117,10,78,1.0
