resultId,total_points_driver,average_col_acc
23782,636,0.04
23783,1555.5,0.01
23784,308,0.01
23785,458,0.04
23786,131,0.05
23787,1136.5,0.09
23788,116,0.11
23789,1022,0.04
23790,12,0
23791,418.5,0.04
23792,429,0.03
23793,185,0.07
23794,560,0.1
23795,136,0.08
23796,4,0.1
23797,47,0.11
23798,77,0.05
23799,309,0.06
23800,9,0.1
23801,1,0.05
23802,636,0.04
23803,1022,0.04
23804,1555.5,0.01
23805,309,0.06
23806,77,0.05
23807,116,0.11
23808,131,0.05
23809,12,0
23810,9,0.1
23811,185,0.07
23812,418.5,0.04
23813,560,0.1
23814,47,0.11
23815,136,0.08
23816,1,0.05
23817,429,0.03
23818,4,0.1
23819,308,0.01
23820,1136.5,0.09
23821,458,0.04
23822,458,0.04
23823,1022,0.04
23824,308,0.01
23825,1555.5,0.01
23826,1136.5,0.09
23827,116,0.11
23828,131,0.05
23829,636,0.04
23830,418.5,0.04
23831,77,0.05
23832,185,0.07
23833,429,0.03
23834,12,0
23835,136,0.08
23836,1,0.05
23837,9,0.1
23838,47,0.11
23839,309,0.06
23840,560,0.1
23841,4,0.1
23842,1555.5,0.01
23843,308,0.01
23844,429,0.03
23845,636,0.04
23846,418.5,0.04
23847,560,0.1
23848,131,0.05
23849,136,0.08
23850,12,0
23851,4,0.1
23852,9,0.1
23853,309,0.06
23854,77,0.05
23855,1022,0.04
23856,47,0.11
23857,1136.5,0.09
23858,458,0.04
23859,116,0.11
23860,185,0.07
23861,1,0.05
23862,1555.5,0.01
23863,1022,0.04
23864,1136.5,0.09
23865,636,0.04
23866,458,0.04
23867,77,0.05
23868,418.5,0.04
23869,131,0.05
23870,429,0.03
23871,560,0.1
23872,136,0.08
23873,4,0.1
23874,9,0.1
23875,1,0.05
23876,12,0
23877,185,0.07
23878,308,0.01
23879,47,0.11
23880,309,0.06
23881,116,0.11
23882,458,0.04
23883,636,0.04
23884,1555.5,0.01
23885,308,0.01
23886,1022,0.04
23887,185,0.07
23888,309,0.06
23889,116,0.11
23890,1136.5,0.09
23891,418.5,0.04
23892,9,0.1
23893,429,0.03
23894,77,0.05
23895,12,0
23896,47,0.11
23897,1,0.05
23898,136,0.08
23899,560,0.1
23900,4,0.1
23901,131,0.05
23902,636,0.04
23903,1022,0.04
23904,1136.5,0.09
23905,458,0.04
23906,1555.5,0.01
23907,308,0.01
23908,116,0.11
23909,418.5,0.04
23910,185,0.07
23911,560,0.1
23912,309,0.06
23913,47,0.11
23914,77,0.05
23915,429,0.03
23916,9,0.1
23917,12,0
23918,1,0.05
23919,131,0.05
23920,4,0.1
23921,136,0.08
23922,1555.5,0.01
23923,1136.5,0.09
23924,308,0.01
23925,458,0.04
23926,636,0.04
23927,77,0.05
23928,1022,0.04
23929,418.5,0.04
23930,116,0.11
23931,560,0.1
23932,47,0.11
23933,12,0
23934,9,0.1
23935,4,0.1
23936,1,0.05
23937,131,0.05
23938,136,0.08
23939,429,0.03
23940,185,0.07
23941,309,0.06
23942,1136.5,0.09
23943,308,0.01
23944,636,0.04
23945,47,0.11
23946,77,0.05
23947,185,0.07
23948,429,0.03
23949,131,0.05
23950,560,0.1
23951,9,0.1
23952,309,0.06
23953,418.5,0.04
23954,1,0.05
23955,136,0.08
23956,12,0
23957,1555.5,0.01
23958,4,0.1
23959,458,0.04
23960,1022,0.04
23961,116,0.11
23962,636,0.04
23963,1555.5,0.01
23964,308,0.01
23965,1022,0.04
23966,458,0.04
23967,116,0.11
23968,185,0.07
23969,131,0.05
23970,77,0.05
23971,429,0.03
23972,12,0
23973,136,0.08
23974,309,0.06
23975,1,0.05
23982,4,0.1
23977,1136.5,0.09
23978,47,0.11
23979,418.5,0.04
23980,9,0.1
23981,560,0.1
23983,1555.5,0.01
23984,1022,0.04
23985,308,0.01
23986,1136.5,0.09
23987,116,0.11
23988,47,0.11
23989,429,0.03
23990,185,0.07
23991,9,0.1
23992,4,0.1
23993,77,0.05
23994,418.5,0.04
23995,12,0
23996,309,0.06
23997,560,0.1
23998,131,0.05
23999,136,0.08
24000,636,0.04
24001,1,0.05
24002,458,0.04
24003,1555.5,0.01
24004,636,0.04
24005,308,0.01
24006,458,0.04
24007,1022,0.04
24008,309,0.06
24009,77,0.05
24010,131,0.05
24011,418.5,0.04
24012,47,0.11
24013,4,0.1
24014,116,0.11
24015,185,0.07
24016,429,0.03
24017,9,0.1
24018,1,0.05
24019,136,0.08
24020,12,0
24021,1136.5,0.09
24022,560,0.1
24023,636,0.04
24024,1555.5,0.01
24025,1136.5,0.09
24026,1022,0.04
24027,429,0.03
24028,185,0.07
24029,47,0.11
24030,77,0.05
24031,309,0.06
24032,9,0.1
24033,418.5,0.04
24034,1,0.05
24035,136,0.08
24036,4,0.1
24037,12,0
24038,458,0.04
24039,308,0.01
24040,560,0.1
24041,131,0.05
24042,116,0.11
24043,1555.5,0.01
24044,308,0.01
24045,1022,0.04
24046,636,0.04
24047,1136.5,0.09
24048,185,0.07
24049,429,0.03
24050,418.5,0.04
24051,136,0.08
24052,1,0.05
24053,560,0.1
24054,12,0
24055,116,0.11
24056,309,0.06
24057,9,0.1
24058,77,0.05
24059,458,0.04
24060,131,0.05
24061,4,0.1
24062,47,0.11
24063,1555.5,0.01
24064,1136.5,0.09
24065,636,0.04
24066,1022,0.04
24067,308,0.01
24068,458,0.04
24069,131,0.05
24070,418.5,0.04
24071,560,0.1
24072,116,0.11
24073,9,0.1
24074,12,0
24075,309,0.06
24076,136,0.08
24077,47,0.11
24078,429,0.03
24079,4,0.1
24080,77,0.05
24081,1,0.05
24082,185,0.07
24083,1555.5,0.01
24084,1022,0.04
24085,636,0.04
24086,308,0.01
24087,1136.5,0.09
24088,458,0.04
24089,560,0.1
24090,77,0.05
24091,185,0.07
24092,429,0.03
24093,47,0.11
24094,116,0.11
24095,9,0.1
24096,131,0.05
24097,136,0.08
24098,12,0
24099,418.5,0.04
24100,1,0.05
24101,309,0.06
24102,4,0.1
24103,1555.5,0.01
24104,1022,0.04
24105,1136.5,0.09
24106,458,0.04
24107,308,0.01
24108,636,0.04
24109,429,0.03
24110,47,0.11
24111,185,0.07
24112,418.5,0.04
24113,309,0.06
24114,9,0.1
24115,4,0.1
24116,131,0.05
24117,12,0
24118,1,0.05
24119,136,0.08
24120,560,0.1
24121,116,0.11
24122,77,0.05
24123,308,0.01
24124,1136.5,0.09
24125,1555.5,0.01
24126,636,0.04
24127,1022,0.04
24128,116,0.11
24129,418.5,0.04
24130,429,0.03
24131,4,0.1
24132,9,0.1
24133,12,0
24134,309,0.06
24135,1,0.05
24136,136,0.08
24137,560,0.1
24138,458,0.04
24139,47,0.11
24140,131,0.05
24141,185,0.07
24142,77,0.05
24143,1136.5,0.09
24144,636,0.04
24145,308,0.01
24146,1555.5,0.01
24147,1022,0.04
24148,116,0.11
24149,560,0.1
24150,12,0
24151,9,0.1
24152,309,0.06
24153,185,0.07
24154,136,0.08
24155,1,0.05
24156,4,0.1
24157,77,0.05
24158,47,0.11
24159,458,0.04
24160,429,0.03
24161,418.5,0.04
24162,131,0.05
24163,1555.5,0.01
24164,1136.5,0.09
24165,308,0.01
24166,458,0.04
24167,1022,0.04
24168,636,0.04
24169,560,0.1
24170,47,0.11
24171,77,0.05
24172,429,0.03
24173,4,0.1
24174,418.5,0.04
24175,309,0.06
24176,12,0
24177,185,0.07
24178,1,0.05
24179,131,0.05
24180,136,0.08
24181,116,0.11
24182,9,0.1
24183,1555.5,0.01
24184,636,0.04
24185,1136.5,0.09
24186,458,0.04
24187,1022,0.04
24188,418.5,0.04
24189,560,0.1
24190,429,0.03
24191,47,0.11
24192,77,0.05
24193,131,0.05
24194,4,0.1
24195,136,0.08
24196,12,0
24197,1,0.05
24198,309,0.06
24199,185,0.07
24200,9,0.1
24201,308,0.01
24202,116,0.11
24203,1022,0.04
24204,1555.5,0.01
24205,1136.5,0.09
24206,636,0.04
24207,560,0.1
24208,77,0.05
24209,116,0.11
24210,308,0.01
24211,136,0.08
24212,69,0.08
24213,309,0.06
24214,306,0.05
24215,429,0.03
24216,197,0
24217,21,0.05
24218,19,0.08
24219,1,0
24220,47,0.11
24221,458,0.04
24222,418.5,0.04
24223,1555.5,0.01
24224,1022,0.04
24225,560,0.1
24226,1136.5,0.09
24227,636,0.04
24228,306,0.05
24229,308,0.01
24230,309,0.06
24231,197,0
24232,429,0.03
24233,21,0.05
24234,69,0.08
24235,77,0.05
24236,136,0.08
24237,19,0.08
24238,1,0
24239,116,0.11
24240,458,0.04
24241,418.5,0.04
24242,47,0.11
24243,1555.5,0.01
24244,1022,0.04
24245,636,0.04
24246,1136.5,0.09
24247,560,0.1
24248,309,0.06
24249,458,0.04
24250,429,0.03
24251,308,0.01
24252,197,0
24253,47,0.11
24254,136,0.08
24255,77,0.05
24256,418.5,0.04
24257,21,0.05
24258,19,0.08
24259,1,0
24260,306,0.05
24261,69,0.08
24262,116,0.11
24263,1022,0.04
24264,1555.5,0.01
24265,636,0.04
24266,1136.5,0.09
24267,560,0.1
24268,429,0.03
24269,418.5,0.04
24270,306,0.05
24271,136,0.08
24272,308,0.01
24273,197,0
24274,21,0.05
24275,77,0.05
24276,116,0.11
24277,19,0.08
24278,1,0
24279,309,0.06
24280,47,0.11
24281,69,0.08
24282,458,0.04
24283,1555.5,0.01
24284,1022,0.04
24285,1136.5,0.09
24286,636,0.04
24287,560,0.1
24288,309,0.06
24289,77,0.05
24290,418.5,0.04
24291,69,0.08
24292,47,0.11
24293,197,0
24294,458,0.04
24295,116,0.11
24296,308,0.01
24297,429,0.03
24298,21,0.05
24299,19,0.08
24300,1,0
24301,136,0.08
24302,306,0.05
24306,1555.5,0.01
24307,636,0.04
24308,1022,0.04
24309,1136.5,0.09
24310,309,0.06
24311,418.5,0.04
24312,69,0.08
24313,197,0
24314,458,0.04
24315,47,0.11
24316,306,0.05
24317,77,0.05
24318,429,0.03
24319,116,0.11
24320,19,0.08
24321,136,0.08
24322,308,0.01
24323,1,0
24324,21,0.05
24325,560,0.1
24326,1555.5,0.01
24327,636,0.04
24328,560,0.1
24329,1022,0.04
24330,1136.5,0.09
24331,458,0.04
24332,116,0.11
24333,309,0.06
24334,136,0.08
24335,69,0.08
24336,418.5,0.04
24337,429,0.03
24338,21,0.05
24339,47,0.11
24340,308,0.01
24341,19,0.08
24342,77,0.05
24343,1,0
24344,197,0
24345,306,0.05
24346,1555.5,0.01
24347,1022,0.04
24348,560,0.1
24349,1136.5,0.09
24350,636,0.04
24351,418.5,0.04
24352,308,0.01
24353,116,0.11
24354,306,0.05
24355,309,0.06
24356,458,0.04
24357,429,0.03
24358,136,0.08
24359,69,0.08
24360,197,0
24361,21,0.05
24362,77,0.05
24363,1,0
24364,19,0.08
24365,47,0.11
24366,1136.5,0.09
24367,560,0.1
24368,1022,0.04
24369,636,0.04
24370,1555.5,0.01
24371,306,0.05
24372,309,0.06
24373,418.5,0.04
24374,308,0.01
24375,21,0.05
24376,429,0.03
24377,458,0.04
24378,116,0.11
24379,136,0.08
24380,197,0
24381,47,0.11
24382,69,0.08
24383,19,0.08
24384,77,0.05
24385,1,0
24386,1555.5,0.01
24387,1022,0.04
24388,560,0.1
24389,309,0.06
24390,1136.5,0.09
24391,418.5,0.04
24392,458,0.04
24393,308,0.01
24394,69,0.08
24395,116,0.11
24396,306,0.05
24397,197,0
24398,136,0.08
24399,19,0.08
24400,1,0
24401,636,0.04
24402,429,0.03
24403,21,0.05
24404,47,0.11
24405,77,0.05
24406,1136.5,0.09
24407,636,0.04
24408,69,0.08
24409,136,0.08
24410,418.5,0.04
24411,197,0
24412,47,0.11
24413,77,0.05
24414,1555.5,0.01
24415,1,0
24416,19,0.08
24417,308,0.01
24418,21,0.05
24419,309,0.06
24420,1022,0.04
24421,116,0.11
24422,560,0.1
24423,306,0.05
24424,458,0.04
24425,429,0.03
24426,1555.5,0.01
24427,1136.5,0.09
24428,636,0.04
24429,560,0.1
24430,418.5,0.04
24431,309,0.06
24432,308,0.01
24433,1022,0.04
24434,306,0.05
24435,197,0
24436,429,0.03
24437,116,0.11
24438,77,0.05
24439,458,0.04
24440,69,0.08
24441,19,0.08
24442,136,0.08
24443,21,0.05
24444,1,0
24445,47,0.11
24446,560,0.1
24447,1555.5,0.01
24448,1022,0.04
24449,636,0.04
24450,197,0
24451,429,0.03
24452,69,0.08
24453,116,0.11
24454,309,0.06
24455,136,0.08
24456,306,0.05
24457,77,0.05
24458,47,0.11
24459,458,0.04
24460,19,0.08
24461,308,0.01
24462,1,0
24463,21,0.05
24464,418.5,0.04
24465,1136.5,0.09
24466,560,0.1
24467,1022,0.04
24468,1555.5,0.01
24469,458,0.04
24470,116,0.11
24471,197,0
24472,429,0.03
24473,1136.5,0.09
24474,21,0.05
24475,306,0.05
24476,309,0.06
24477,136,0.08
24478,636,0.04
24479,19,0.08
24480,308,0.01
24481,47,0.11
24482,1,0
24483,77,0.05
24484,69,0.08
24485,418.5,0.04
24486,636,0.04
24487,560,0.1
24488,1136.5,0.09
24489,1555.5,0.01
24490,1022,0.04
24491,197,0
24492,306,0.05
24493,309,0.06
24494,116,0.11
24495,21,0.05
24496,47,0.11
24497,418.5,0.04
24498,136,0.08
24499,458,0.04
24500,69,0.08
24501,1,0
24502,77,0.05
24503,308,0.01
24504,429,0.03
24505,19,0.08
24506,1555.5,0.01
24507,1022,0.04
24508,560,0.1
24509,1136.5,0.09
24510,197,0
24511,418.5,0.04
24512,429,0.03
24513,306,0.05
24514,77,0.05
24515,116,0.11
24516,136,0.08
24517,69,0.08
24518,308,0.01
24519,309,0.06
24520,21,0.05
24521,1,0
24522,19,0.08
24523,636,0.04
24524,458,0.04
24525,47,0.11
24526,1022,0.04
24527,636,0.04
24528,1555.5,0.01
24529,197,0
24530,418.5,0.04
24531,560,0.1
24532,309,0.06
24533,429,0.03
24534,136,0.08
24535,69,0.08
24536,306,0.05
24537,308,0.01
24538,47,0.11
24539,21,0.05
24540,77,0.05
24541,19,0.08
24542,1,0
24543,1136.5,0.09
24544,458,0.04
24545,116,0.11
24546,1555.5,0.01
24547,636,0.04
24548,1022,0.04
24549,560,0.1
24550,197,0
24551,1136.5,0.09
24552,429,0.03
24553,458,0.04
24554,309,0.06
24555,116,0.11
24556,69,0.08
24557,136,0.08
24558,418.5,0.04
24559,21,0.05
24560,77,0.05
24561,19,0.08
24562,47,0.11
24563,1,0
24564,308,0.01
24565,306,0.05
24626,1022,0.04
24566,1022,0.04
24567,1555.5,0.01
24568,1136.5,0.09
24569,560,0.1
24570,197,0
24571,458,0.04
24572,306,0.05
24573,418.5,0.04
24574,116,0.11
24575,429,0.03
24576,308,0.01
24577,69,0.08
24578,136,0.08
24579,21,0.05
24580,47,0.11
24581,309,0.06
24582,19,0.08
24583,77,0.05
24584,1,0
24585,636,0.04
24586,1136.5,0.09
24587,309,0.06
24588,418.5,0.04
24589,308,0.01
24590,21,0.05
24591,458,0.04
24592,1555.5,0.01
24593,306,0.05
24594,429,0.03
24595,69,0.08
24596,77,0.05
24597,19,0.08
24598,47,0.11
24599,197,0
24600,116,0.11
24601,1,0
24602,636,0.04
24603,560,0.1
24604,136,0.08
24605,1022,0.04
24606,1555.5,0.01
24607,1136.5,0.09
24608,560,0.1
24609,1022,0.04
24610,636,0.04
24611,197,0
24612,429,0.03
24613,306,0.05
24614,69,0.08
24615,418.5,0.04
24616,458,0.04
24617,116,0.11
24618,308,0.01
24619,77,0.05
24620,47,0.11
24621,21,0.05
24622,19,0.08
24623,309,0.06
24624,1,0
24625,136,0.08
24627,560,0.1
24628,306,0.05
24629,1555.5,0.01
24630,418.5,0.04
24631,429,0.03
24632,309,0.06
24633,185,0.07
24634,21,0.05
24635,636,0.04
24636,7,0.1
24637,69,0.08
24638,197,0
24639,308,0.01
24640,19,0.08
24641,47,0.11
24642,77,0.05
24643,136,0.08
24644,458,0.04
24645,1136.5,0.09
24646,1555.5,0.01
24647,1022,0.04
24648,1136.5,0.09
24649,197,0
24650,306,0.05
24651,429,0.03
24652,136,0.08
24653,458,0.04
24654,418.5,0.04
24655,69,0.08
24656,308,0.01
24657,77,0.05
24658,47,0.11
24659,21,0.05
24660,309,0.06
24661,19,0.08
24662,7,0.1
24663,185,0.07
24664,560,0.1
24665,636,0.04
24666,1555.5,0.01
24667,1136.5,0.09
24668,1022,0.04
24669,136,0.08
24670,197,0
24671,636,0.04
24672,429,0.03
24673,458,0.04
24674,418.5,0.04
24675,77,0.05
24676,560,0.1
24677,69,0.08
24678,306,0.05
24679,185,0.07
24680,308,0.01
24681,47,0.11
24682,21,0.05
24683,19,0.08
24684,7,0.1
24685,309,0.06
24686,1555.5,0.01
24687,1136.5,0.09
24688,560,0.1
24689,458,0.04
24690,306,0.05
24691,185,0.07
24692,309,0.06
24693,197,0
24694,136,0.08
24695,636,0.04
24696,1022,0.04
24697,19,0.08
24698,418.5,0.04
24699,21,0.05
24700,7,0.1
24701,47,0.11
24702,308,0.01
24703,69,0.08
24704,77,0.05
24705,116,0.11
24706,1136.5,0.09
24707,1555.5,0.01
24708,1022,0.04
24709,560,0.1
24710,197,0
24711,136,0.08
24712,116,0.11
24713,185,0.07
24714,306,0.05
24715,69,0.08
24716,309,0.06
24717,636,0.04
24718,418.5,0.04
24719,458,0.04
24720,308,0.01
24721,47,0.11
24722,21,0.05
24723,19,0.08
24724,7,0.1
24725,77,0.05
24726,1555.5,0.01
24727,1136.5,0.09
24728,1022,0.04
24729,136,0.08
24730,429,0.03
24731,418.5,0.04
24732,636,0.04
24733,197,0
24734,309,0.06
24735,306,0.05
24736,458,0.04
24737,69,0.08
24738,185,0.07
24739,308,0.01
24740,77,0.05
24741,21,0.05
24742,19,0.08
24743,7,0.1
24744,47,0.11
24745,560,0.1
24746,1555.5,0.01
24747,1022,0.04
24748,1136.5,0.09
24749,458,0.04
24750,185,0.07
24751,197,0
24752,306,0.05
24753,309,0.06
24754,136,0.08
24755,429,0.03
24756,69,0.08
24757,308,0.01
24758,636,0.04
24759,560,0.1
24760,47,0.11
24761,7,0.1
24762,77,0.05
24763,21,0.05
24764,19,0.08
24765,418.5,0.04
24766,309,0.06
24767,418.5,0.04
24768,136,0.08
24769,306,0.05
24770,1022,0.04
24771,458,0.04
24772,1555.5,0.01
24773,185,0.07
24774,69,0.08
24775,429,0.03
24776,7,0.1
24777,47,0.11
24778,308,0.01
24779,19,0.08
24780,197,0
24781,21,0.05
24782,1136.5,0.09
24783,560,0.1
24784,77,0.05
24785,636,0.04
24786,1555.5,0.01
24787,1022,0.04
24788,197,0
24789,458,0.04
24790,429,0.03
24791,306,0.05
24792,69,0.08
24793,560,0.1
24794,308,0.01
24795,636,0.04
24796,19,0.08
24797,47,0.11
24798,136,0.08
24799,185,0.07
24800,7,0.1
24801,77,0.05
24802,21,0.05
24803,418.5,0.04
24804,1136.5,0.09
24805,309,0.06
24806,1022,0.04
24807,1136.5,0.09
24808,1555.5,0.01
24809,429,0.03
24810,458,0.04
24811,560,0.1
24812,185,0.07
24813,69,0.08
24814,309,0.06
24815,197,0
24816,21,0.05
24817,77,0.05
24818,636,0.04
24819,308,0.01
24820,306,0.05
24821,7,0.1
24822,47,0.11
24823,19,0.08
24824,418.5,0.04
24825,136,0.08
24826,1555.5,0.01
24827,1136.5,0.09
24828,458,0.04
24829,429,0.03
24830,418.5,0.04
24831,309,0.06
24832,560,0.1
24833,116,0.11
24834,47,0.11
24835,21,0.05
24836,636,0.04
24837,308,0.01
24838,77,0.05
24839,7,0.1
24840,69,0.08
24841,306,0.05
24842,197,0
24843,185,0.07
24844,1022,0.04
24845,19,0.08
24846,1555.5,0.01
24847,1022,0.04
24848,1136.5,0.09
24849,560,0.1
24850,309,0.06
24851,418.5,0.04
24852,429,0.03
24853,185,0.07
24854,458,0.04
24855,636,0.04
24856,308,0.01
24857,197,0
24858,306,0.05
24859,19,0.08
24860,21,0.05
24861,77,0.05
24862,47,0.11
24863,7,0.1
24864,69,0.08
24865,136,0.08
24866,1555.5,0.01
24867,1022,0.04
24868,458,0.04
24869,69,0.08
24870,560,0.1
24871,429,0.03
24872,418.5,0.04
24873,306,0.05
24874,308,0.01
24875,21,0.05
24876,7,0.1
24877,636,0.04
24878,136,0.08
24879,47,0.11
24880,197,0
24881,19,0.08
24882,1136.5,0.09
24883,77,0.05
24884,185,0.07
24885,309,0.06
24886,1555.5,0.01
24887,429,0.03
24888,636,0.04
24889,560,0.1
24890,418.5,0.04
24891,1136.5,0.09
24892,197,0
24893,306,0.05
24894,136,0.08
24895,458,0.04
24896,185,0.07
24897,69,0.08
24898,309,0.06
24899,1022,0.04
24900,308,0.01
24901,19,0.08
24902,77,0.05
24903,47,0.11
24904,7,0.1
24905,21,0.05
24906,1555.5,0.01
24907,1136.5,0.09
24908,197,0
24909,306,0.05
24910,418.5,0.04
24911,309,0.06
24912,458,0.04
24913,1022,0.04
24914,185,0.07
24915,560,0.1
24916,69,0.08
24917,19,0.08
24918,636,0.04
24919,7,0.1
24920,308,0.01
24921,21,0.05
24922,77,0.05
24923,429,0.03
24924,136,0.08
24925,47,0.11
24926,429,0.03
24927,185,0.07
24928,136,0.08
24929,418.5,0.04
24930,458,0.04
24931,197,0
24932,69,0.08
24933,1022,0.04
24934,19,0.08
24935,306,0.05
24936,309,0.06
24937,636,0.04
24938,21,0.05
24939,308,0.01
24940,77,0.05
24941,0,0
24942,0,0
24943,7,0.1
24944,1136.5,0.09
24945,560,0.1
24946,1136.5,0.09
24947,1022,0.04
24948,1555.5,0.01
24949,197,0
24950,306,0.05
24951,418.5,0.04
24952,458,0.04
24953,309,0.06
24954,185,0.07
24955,136,0.08
24956,69,0.08
24957,308,0.01
24958,560,0.1
24959,636,0.04
24960,19,0.08
24961,21,0.05
24962,7,0.1
24963,77,0.05
24964,0,0
24965,429,0.03
24966,1555.5,0.01
24967,1136.5,0.09
24968,1022,0.04
24969,306,0.05
24970,429,0.03
24971,560,0.1
24972,458,0.04
24973,418.5,0.04
24974,32,0.05
24975,136,0.08
24976,308,0.01
24977,21,0.05
24978,185,0.07
24979,19,0.08
24980,636,0.04
24981,0,0.09
24982,309,0.06
24983,7,0.1
24984,131,0.05
24985,0,0.14
24986,1136.5,0.09
24987,1555.5,0.01
24988,306,0.05
24989,560,0.1
24990,418.5,0.04
24991,458,0.04
24992,309,0.06
24993,136,0.08
24994,185,0.07
24995,131,0.05
24996,429,0.03
24997,32,0.05
24998,308,0.01
24999,21,0.05
25000,636,0.04
25001,0,0.09
25002,0,0.14
25003,1022,0.04
25004,19,0.08
25005,7,0.1
25006,1555.5,0.01
25007,1136.5,0.09
25008,1022,0.04
25009,429,0.03
25010,306,0.05
25011,560,0.1
25012,185,0.07
25013,131,0.05
25014,458,0.04
25015,309,0.06
25016,418.5,0.04
25017,21,0.05
25018,636,0.04
25019,136,0.08
25020,32,0.05
25021,19,0.08
25022,0,0.09
25023,7,0.1
25024,0,0.14
25025,308,0.01
25026,1555.5,0.01
25027,1136.5,0.09
25028,1022,0.04
25029,560,0.1
25030,429,0.03
25031,458,0.04
25032,418.5,0.04
25033,306,0.05
25034,185,0.07
25035,309,0.06
25036,136,0.08
25037,308,0.01
25038,636,0.04
25039,19,0.08
25040,21,0.05
25041,7,0.1
25042,131,0.05
25043,0,0.09
25044,0,0.14
25045,32,0.05
25047,418.5,0.04
25046,1136.5,0.09
25048,306,0.05
25049,429,0.03
25050,636,0.04
25051,309,0.06
25052,1555.5,0.01
25053,136,0.08
25054,185,0.07
25055,21,0.05
25056,308,0.01
25057,458,0.04
25058,131,0.05
25059,19,0.08
25060,7,0.1
25061,32,0.05
25062,0,0.14
25063,0,0.09
25064,1022,0.04
25065,560,0.1
25066,429,0.03
25067,636,0.04
25068,309,0.06
25069,560,0.1
25070,306,0.05
25071,131,0.05
25072,32,0.05
25073,418.5,0.04
25074,458,0.04
25075,308,0.01
25076,21,0.05
25077,1022,0.04
25078,0,0.09
25079,0,0.14
25080,1555.5,0.01
25081,7,0.1
25082,19,0.08
25083,1136.5,0.09
25084,136,0.08
25085,185,0.07
25086,1136.5,0.09
25087,1555.5,0.01
25088,429,0.03
25089,1022,0.04
25090,306,0.05
25091,458,0.04
25092,309,0.06
25093,131,0.05
25094,636,0.04
25095,136,0.08
25096,418.5,0.04
25097,19,0.08
25098,32,0.05
25099,185,0.07
25100,21,0.05
25101,560,0.1
25102,308,0.01
25103,7,0.1
25104,0,0.09
25105,0,0.14
25106,1136.5,0.09
25107,1555.5,0.01
25108,1022,0.04
25109,429,0.03
25110,306,0.05
25111,418.5,0.04
25112,560,0.1
25113,136,0.08
25114,131,0.05
25115,32,0.05
25116,308,0.01
25117,636,0.04
25118,458,0.04
25119,185,0.07
25120,21,0.05
25121,0,0.09
25122,7,0.1
25123,0,0.14
25124,19,0.08
25125,309,0.06
25126,1136.5,0.09
25127,1022,0.04
25128,306,0.05
25129,1555.5,0.01
25130,418.5,0.04
25131,429,0.03
25132,458,0.04
25133,560,0.1
25134,309,0.06
25135,131,0.05
25136,19,0.08
25137,32,0.05
25138,136,0.08
25139,21,0.05
25140,308,0.01
25141,7,0.1
25142,636,0.04
25143,0,0.09
25144,0,0.14
25145,185,0.07
25146,1555.5,0.01
25147,560,0.1
25148,1022,0.04
25149,306,0.05
25150,458,0.04
25151,418.5,0.04
25152,131,0.05
25153,136,0.08
25154,185,0.07
25155,32,0.05
25156,309,0.06
25157,19,0.08
25158,21,0.05
25159,7,0.1
25160,308,0.01
25161,429,0.03
25162,0,0.14
25163,0,0.09
25164,636,0.04
25165,1136.5,0.09
25166,185,0.07
25167,1555.5,0.01
25168,418.5,0.04
25169,131,0.05
25170,309,0.06
25171,32,0.05
25172,7,0.1
25173,19,0.08
25174,1136.5,0.09
25175,308,0.01
25176,458,0.04
25177,0,0.09
25178,21,0.05
25179,0,0.14
25180,306,0.05
25181,1022,0.04
25182,429,0.03
25183,560,0.1
25184,136,0.08
25185,636,0.04
25186,1136.5,0.09
25187,19,0.08
25188,1555.5,0.01
25189,458,0.04
25190,636,0.04
25191,309,0.06
25192,185,0.07
25193,560,0.1
25194,7,0.1
25195,418.5,0.04
25196,131,0.05
25197,1022,0.04
25198,21,0.05
25199,306,0.05
25200,32,0.05
25201,0,0.09
25202,0,0.14
25203,308,0.01
25204,429,0.03
25205,136,0.08
25206,1136.5,0.09
25207,1555.5,0.01
25208,1022,0.04
25209,309,0.06
25210,560,0.1
25211,131,0.05
25212,418.5,0.04
25213,429,0.03
25214,185,0.07
25215,306,0.05
25216,458,0.04
25217,136,0.08
25218,636,0.04
25219,21,0.05
25220,1,0
25221,7,0.1
25222,19,0.08
25223,0,0.09
25224,32,0.05
25225,0,0.14
25226,458,0.04
25227,306,0.05
25228,1022,0.04
25229,560,0.1
25230,429,0.03
25231,418.5,0.04
25232,136,0.08
25233,131,0.05
25234,19,0.08
25235,185,0.07
25236,7,0.1
25237,636,0.04
25238,21,0.05
25239,1,0
25240,0,0.09
25241,0,0.14
25242,1555.5,0.01
25243,1136.5,0.09
25244,309,0.06
25245,32,0.05
25246,1555.5,0.01
25247,1136.5,0.09
25248,418.5,0.04
25249,458,0.04
25250,1022,0.04
25251,131,0.05
25252,306,0.05
25253,308,0.01
25254,429,0.03
25255,19,0.08
25256,136,0.08
25257,636,0.04
25258,309,0.06
25259,185,0.07
25260,560,0.1
25261,21,0.05
25262,32,0.05
25263,0,0.14
25264,7,0.1
25265,0,0.09
25266,1022,0.04
25267,1136.5,0.09
25268,429,0.03
25269,560,0.1
25270,1555.5,0.01
25271,309,0.06
25272,306,0.05
25273,418.5,0.04
25274,136,0.08
25275,185,0.07
25276,21,0.05
25277,308,0.01
25278,458,0.04
25279,32,0.05
25280,19,0.08
25281,131,0.05
25282,7,0.1
25283,636,0.04
25284,0,0.09
25285,0,0.14
25286,1136.5,0.09
25287,1555.5,0.01
25288,429,0.03
25289,560,0.1
25290,458,0.04
25291,1022,0.04
25292,418.5,0.04
25293,306,0.05
25294,32,0.05
25295,636,0.04
25296,21,0.05
25297,136,0.08
25298,308,0.01
25299,19,0.08
25300,7,0.1
25301,0,0.09
25302,0,0.14
25303,131,0.05
25304,185,0.07
25305,309,0.06
25306,1136.5,0.09
25307,1555.5,0.01
25308,429,0.03
25309,309,0.06
25310,560,0.1
25311,418.5,0.04
25312,636,0.04
25313,308,0.01
25314,131,0.05
25315,306,0.05
25316,21,0.05
25317,458,0.04
25318,185,0.07
25319,136,0.08
25320,1022,0.04
25321,19,0.08
25322,7,0.1
25323,0,0.14
25324,0,0.09
25325,32,0.05
25326,1555.5,0.01
25327,1136.5,0.09
25328,1022,0.04
25329,429,0.03
25330,560,0.1
25331,418.5,0.04
25332,309,0.06
25333,185,0.07
25334,131,0.05
25335,306,0.05
25336,636,0.04
25337,308,0.01
25338,19,0.08
25339,21,0.05
25340,32,0.05
25341,7,0.1
25342,0,0.14
25343,0,0.09
25344,458,0.04
25345,136,0.08
25346,1555.5,0.01
25347,1136.5,0.09
25348,131,0.05
25349,429,0.03
25350,185,0.07
25351,136,0.08
25352,418.5,0.04
25353,560,0.1
25354,306,0.05
25355,636,0.04
25356,309,0.06
25357,458,0.04
25358,32,0.05
25359,308,0.01
25360,21,0.05
25361,0,0.09
25362,19,0.08
25363,0,0.14
25364,7,0.1
25365,1022,0.04
25366,1555.5,0.01
25367,1136.5,0.09
25368,1022,0.04
25369,185,0.07
25370,458,0.04
25371,309,0.06
25372,560,0.1
25373,418.5,0.04
25374,21,0.05
25375,306,0.05
25376,136,0.08
25377,7,0.1
25378,131,0.05
25379,32,0.05
25380,308,0.01
25381,636,0.04
25382,429,0.03
25383,0,0.14
25384,19,0.08
25385,0,0.09
25386,1136.5,0.09
25387,1555.5,0.01
25388,418.5,0.04
25389,32,0.05
25390,309,0.06
25391,1022,0.04
25392,306,0.05
25393,131,0.05
25394,185,0.07
25395,560,0.1
25396,636,0.04
25397,458,0.04
25398,136,0.08
25399,0,0.09
25400,429,0.03
25401,7,0.1
25402,21,0.05
25403,19,0.08
25404,308,0.01
